region,instance_type,availability_zones
eu-central-1,m6a.large,eu-central-1c,eu-central-1b,eu-central-1a
eu-central-1,m6a.xlarge,eu-central-1a,eu-central-1c,eu-central-1b
eu-central-1,m6a.2xlarge,eu-central-1a,eu-central-1c,eu-central-1b
eu-central-1,m6a.4xlarge,eu-central-1c,eu-central-1b,eu-central-1a
eu-central-1,m6a.8xlarge,eu-central-1b,eu-central-1a,eu-central-1c
eu-central-1,c6a.large,eu-central-1a,eu-central-1b,eu-central-1c
eu-central-1,c6a.xlarge,eu-central-1b,eu-central-1a,eu-central-1c
eu-central-1,c6a.2xlarge,eu-central-1a,eu-central-1b,eu-central-1c
eu-central-1,c6a.4xlarge,eu-central-1a,eu-central-1b,eu-central-1c
eu-central-1,c6a.8xlarge,eu-central-1c,eu-central-1b,eu-central-1a
eu-central-1,c6a.12xlarge,eu-central-1a,eu-central-1b,eu-central-1c
eu-central-1,c6a.16xlarge,eu-central-1c,eu-central-1a,eu-central-1b
eu-central-1,r6a.large,eu-central-1b,eu-central-1c,eu-central-1a
eu-central-1,r6a.xlarge,eu-central-1b,eu-central-1c,eu-central-1a
eu-central-1,r6a.2xlarge,eu-central-1a,eu-central-1c,eu-central-1b
eu-central-1,r6a.4xlarge,eu-central-1b,eu-central-1c,eu-central-1a
eu-west-1,m6a.large,eu-west-1a,eu-west-1c,eu-west-1b
eu-west-1,m6a.xlarge,eu-west-1a,eu-west-1c,eu-west-1b
eu-west-1,m6a.2xlarge,eu-west-1a,eu-west-1c,eu-west-1b
eu-west-1,m6a.4xlarge,eu-west-1c,eu-west-1b,eu-west-1a
eu-west-1,m6a.8xlarge,eu-west-1a,eu-west-1b,eu-west-1c
eu-west-1,c6a.large,eu-west-1b,eu-west-1c,eu-west-1a
eu-west-1,c6a.xlarge,eu-west-1c,eu-west-1a,eu-west-1b
eu-west-1,c6a.2xlarge,eu-west-1a,eu-west-1c,eu-west-1b
eu-west-1,c6a.4xlarge,eu-west-1c,eu-west-1a,eu-west-1b
eu-west-1,c6a.8xlarge,eu-west-1a,eu-west-1b,eu-west-1c
eu-west-1,c6a.12xlarge,eu-west-1a,eu-west-1b,eu-west-1c
eu-west-1,c6a.16xlarge,eu-west-1a,eu-west-1c,eu-west-1b
eu-west-1,r6a.large,eu-west-1c,eu-west-1b,eu-west-1a
eu-west-1,r6a.xlarge,eu-west-1c,eu-west-1b,eu-west-1a
eu-west-1,r6a.2xlarge,eu-west-1c,eu-west-1b,eu-west-1a
eu-west-1,r6a.4xlarge,eu-west-1a,eu-west-1c,eu-west-1b
eu-west-2,m6a.large,eu-west-2b,eu-west-2a,eu-west-2c
eu-west-2,m6a.xlarge,eu-west-2b,eu-west-2c,eu-west-2a
eu-west-2,m6a.2xlarge,eu-west-2c,eu-west-2b,eu-west-2a
eu-west-2,m6a.4xlarge,eu-west-2a,eu-west-2c,eu-west-2b
eu-west-2,m6a.8xlarge,eu-west-2a,eu-west-2b,eu-west-2c
eu-west-2,c6a.large,eu-west-2a,eu-west-2b,eu-west-2c
eu-west-2,c6a.xlarge,eu-west-2c,eu-west-2b,eu-west-2a
eu-west-2,c6a.2xlarge,eu-west-2a,eu-west-2b,eu-west-2c
eu-west-2,c6a.4xlarge,eu-west-2a,eu-west-2b,eu-west-2c
eu-west-2,c6a.8xlarge,eu-west-2b,eu-west-2c,eu-west-2a
eu-west-2,c6a.12xlarge,eu-west-2a,eu-west-2b,eu-west-2c
eu-west-2,c6a.16xlarge,eu-west-2a,eu-west-2c,eu-west-2b
eu-west-2,r6a.large,eu-west-2b,eu-west-2c,eu-west-2a
eu-west-2,r6a.xlarge,eu-west-2b,eu-west-2a,eu-west-2c
eu-west-2,r6a.2xlarge,eu-west-2b,eu-west-2a,eu-west-2c
eu-west-2,r6a.4xlarge,eu-west-2a,eu-west-2b,eu-west-2c
eu-west-3,m6a.large,eu-west-3b,eu-west-3c,eu-west-3a
eu-west-3,m6a.xlarge,eu-west-3c,eu-west-3b,eu-west-3a
eu-west-3,m6a.2xlarge,eu-west-3b,eu-west-3a,eu-west-3c
eu-west-3,m6a.4xlarge,eu-west-3a,eu-west-3c,eu-west-3b
